[
    {
        "mealtype_id": 1,
        "mealtype": "Breakfast",
        "content": "Start your day with exclusive breakfast options",
        "meal_image": "https://i.ibb.co/FVhSTWK/breakfast.jpg"
    },
    {
        "mealtype_id": 2,
        "mealtype": "Lunch",
        "content": "Start your day with exclusive breakfast options",
        "meal_image": "https://i.ibb.co/8rPxkWP/lunch.jpg"
    },
    {
        "mealtype_id": 3,
        "mealtype": "Dinner",
        "content": "Start your day with exclusive breakfast options",
        "meal_image": "https://i.ibb.co/XjzPqYv/dinner.jpg"
    },
    {
        "mealtype_id": 4,
        "mealtype": "Snacks",
        "content": "Start your day with exclusive breakfast options",
        "meal_image": "https://i.ibb.co/wchCHfb/snacks.jpg"
    },
    {
        "mealtype_id": 5,
        "mealtype": "Drinks",
        "content": "Start your day with exclusive breakfast options",
        "meal_image": "https://i.ibb.co/YR0S6fV/drinks.jpg"
    },
    {
        "mealtype_id": 6,
        "mealtype": "NightLife",
        "content": "Start your day with exclusive breakfast options",
        "meal_image": "https://i.ibb.co/q1fC2jW/nightlife.jpg"
    }
]